,Df,Sum Sq,Mean Sq,F value,Pr(>F)
APPOINTMENT_HOUR            ,1,0.0519208791839559,0.0519208791839559,1.21869036369444,2.70e-01
DAY_OF_WEEK                 ,6,0.033627247716607,0.00560454128610116,0.131550169520429,9.92e-01
APPOINTMENT_HOUR:DAY_OF_WEEK,6,0.316527254107144,0.0527545423511906,1.23825816155233,2.85e-01
Residuals                   ,566,24.1137687583188,0.0426038317284784,NA,NA
